Wallet,Tickets Held,Slot
3SICBKR74JXLCP7NZYTSPCM6WZRUESORNRDDMH3GFEQBKEW7ECZAKWIJJ4,10,1
63HCGC5SA46VDT2MBSDXC7PXCRJ2R6CBBZIWCSUCLW5BSWABLRPKP3AUXI,10,2
2LAVVRBI6WKDNDN2XCXABHLASKYTMICAO3AGTBPDONUFDTV6CQ263GSZPA,10,3
4Y3MQYV3AMSD2A5BLXBP5RBW5VGPEFG4DPLSTTZMFCLPMQZWLON2BJS4WA,10,4
ZOXYAFHOA4RLM5PVET5YHYNG33KE2SKKX7AEGNCJFE5TR25K4CFTULCUA4,9,5
VQOWLAMWCKA62W6HF25U5TOCATKEQJVSF73FAH4ENELO2ZSEO2P5P4S2TM,10,6
7WIBD7LMWHKK4E4TQ2KVKEJN3OTOMMISCWWKQ7PDMVOTRMUQDETICJ6RLI,9,7
2LAVVRBI6WKDNDN2XCXABHLASKYTMICAO3AGTBPDONUFDTV6CQ263GSZPA,10,8
GONICKHC5LIUT4F7BZ7ZB3H4JXRPFZJAIUI4HQQHLHYB3KXOEGP6ODO77A,2,9
7N4UJNOKIHZZLD7BC6W625N56TUMEXJB26C4F4FYYGLYWS5F552LSLNQDE,5,10
64YVCCLY6MSWRPO4G64EFO56HKC2DDB6NDKNKORWH3DB6TBTEGSA75GRIQ,9,11
4Y3MQYV3AMSD2A5BLXBP5RBW5VGPEFG4DPLSTTZMFCLPMQZWLON2BJS4WA,10,12
ZSABPKZJ6G26AWM3G4BROLGYYKSDGHMSF5BYD3Z4NIXDYL4TM42ACNN3BM,9,13
6DSZMTCEMZ4VJAX5AE5FCLKLNDDBNBPUYQLLEYM5KJMB67NLN4XQUNNLPU,10,14
WGGI7WTD445BXMD32MUA7DWY6AOFXLRHJQMSTTV65MK3WJZGRRM6MY7KDU,10,15
WLLIQOKG4CYVJBKQUFB7JJQQ2HWBHGC7YPWQA7AEBXEMYBMNUV6UB4OYDE,10,16
B4DQJ76BBWCFZWNSB3NI4SPKC5ERG7LWRUAY2WMS7HSOIT4T3QZVRMCF6E,11,17
4Y3MQYV3AMSD2A5BLXBP5RBW5VGPEFG4DPLSTTZMFCLPMQZWLON2BJS4WA,10,18
NQQT6W7GNOZQWJXLFMSFHVA2OZY3455GKKZR25UJ7JRMEFPFDQ7G5J4WQ4,10,19
MUHSWEKB2E5YNKJJ7ZB7OXLV7G7H5ZACU6PAREWJIE77M36MIQHSKOCSPY,11,20
VBZDMVXEJG4XAAWKVVVWMIUXRSR2J5SIX6KWEYKJ4AXLVABLPO2KTZ7LZE,6,21
AR7TJWQCEL4STAV5AJ2NQHKE2WBDD4HFHF27MRH6EVC4ELFTG3GK54GVP4,4,22
WGGI7WTD445BXMD32MUA7DWY6AOFXLRHJQMSTTV65MK3WJZGRRM6MY7KDU,10,23
WLLIQOKG4CYVJBKQUFB7JJQQ2HWBHGC7YPWQA7AEBXEMYBMNUV6UB4OYDE,10,24
JUXBAF5QFV44SIGAUR23JVVVMOQL43LDBPB7BGE2QT3SP2ULUGFYUPJSXE,10,25
YGK6SWG6GBFPPFZMS6Q4E46ZOYRCZLJCQWMGA6WKJDPXJOD74ORHBR2RJQ,10,26
AEAHELNRYGEGGMYJYCFWL3Y5MJPQIXWBNK6KJGIEZO5F5CUIIQEI33ZZ7M,10,27
NQQT6W7GNOZQWJXLFMSFHVA2OZY3455GKKZR25UJ7JRMEFPFDQ7G5J4WQ4,10,28
6DSZMTCEMZ4VJAX5AE5FCLKLNDDBNBPUYQLLEYM5KJMB67NLN4XQUNNLPU,10,29
64YVCCLY6MSWRPO4G64EFO56HKC2DDB6NDKNKORWH3DB6TBTEGSA75GRIQ,9,30
ZOXYAFHOA4RLM5PVET5YHYNG33KE2SKKX7AEGNCJFE5TR25K4CFTULCUA4,9,31
SZS55FKNGERPTHGHPC3OP6EDVA5LCI5KOP7J2CKAYXGMCXBWV4TUPDLQIA,10,32
Y44JLSKZSRJ5AK4HDIEBHMHGFIJIANA26AQLWBTFQDCBS2FB5UXPKUSVPQ,10,33
TOKC5TYRQB4E6M6YFEWG2K2DZL4P3Z4L7FJMYSZ63YLN6OJUMLNODCI4WU,10,34
Q6BL6C634L7QAYJJCK7XZITYVEZ6TPEIYNCZSRXVRHMMEHLVF4E26JGJMQ,5,35
ESY57GTQGEE3K7VFQ5JWLL66W52W5GX3IFSN4QAMTXHRKGX5IYCVVUQCJM,1,36
S5OTQ7LTP4TLC6E64ELZVPG2BRJWNXEA7CBIZ45NY7HF44A325WD5LSFRE,10,37
YGK6SWG6GBFPPFZMS6Q4E46ZOYRCZLJCQWMGA6WKJDPXJOD74ORHBR2RJQ,10,38
BROH7QJMK4UFYDRVKG2DA7MEDC3CHPG7XNDBOVIZGXK657WXJBRRBDLDI4,4,39
IGUCD47RCHI5SIEJBVZKW67YW34XI4WS3EWZ7YGIUJPQGDDVSSZ7HR6QOA,1,40
ZSABPKZJ6G26AWM3G4BROLGYYKSDGHMSF5BYD3Z4NIXDYL4TM42ACNN3BM,9,41
SZS55FKNGERPTHGHPC3OP6EDVA5LCI5KOP7J2CKAYXGMCXBWV4TUPDLQIA,10,42
TOKC5TYRQB4E6M6YFEWG2K2DZL4P3Z4L7FJMYSZ63YLN6OJUMLNODCI4WU,10,43
Y44JLSKZSRJ5AK4HDIEBHMHGFIJIANA26AQLWBTFQDCBS2FB5UXPKUSVPQ,10,44
4IRSDIDJQODQF4HPIXGDWIHSO46FWZGACMNBOQO2OCUKH5TUK65NCVWOII,3,45
NQQT6W7GNOZQWJXLFMSFHVA2OZY3455GKKZR25UJ7JRMEFPFDQ7G5J4WQ4,10,46
AEAHELNRYGEGGMYJYCFWL3Y5MJPQIXWBNK6KJGIEZO5F5CUIIQEI33ZZ7M,10,47
ETDM7KE3YDXSYP6CDBNQQQASKVOZS6OMGDWEKDE6BSIZYS2EY2IKBJXRNM,10,48
S5OTQ7LTP4TLC6E64ELZVPG2BRJWNXEA7CBIZ45NY7HF44A325WD5LSFRE,10,49
AEAHELNRYGEGGMYJYCFWL3Y5MJPQIXWBNK6KJGIEZO5F5CUIIQEI33ZZ7M,10,50
RSJSVIOVE3VGITZDRTON7FF2BK2RBSMLZAMZB33GSKMOANT5NL7L64VBPA,9,51
CJGIM4NCQATIWMLPWOL77ZXGIEPO5UC524L3WXHGU6RJI63LCQBDHUQT2Q,11,52
LHQKNWDQGOAJL7FNY2WTH4AXQYXQFC6AZWCBACE5R35YK2CJUL2L72E3OQ,3,53
VUTFYW45UEQHFPVGQGCNDWZ5AO2OZ5EIMNXNRYO3QRGJH6LTHDNRASLJEY,10,54
GONICKHC5LIUT4F7BZ7ZB3H4JXRPFZJAIUI4HQQHLHYB3KXOEGP6ODO77A,2,55
PGQ64LY3REOHWFJFHKY6OFD5MJ6SF6QHQKG25XJUBHKAJIJKCFUQLQKMU4,10,56
7N4UJNOKIHZZLD7BC6W625N56TUMEXJB26C4F4FYYGLYWS5F552LSLNQDE,5,57
L2FCLZNMKXPSPH62MX5QIZUS56ZB7UFKNBCVN2JB2PBVJBZ5TZDCNSVOW4,8,58
SZS55FKNGERPTHGHPC3OP6EDVA5LCI5KOP7J2CKAYXGMCXBWV4TUPDLQIA,10,59
ZOXYAFHOA4RLM5PVET5YHYNG33KE2SKKX7AEGNCJFE5TR25K4CFTULCUA4,9,60
S5OTQ7LTP4TLC6E64ELZVPG2BRJWNXEA7CBIZ45NY7HF44A325WD5LSFRE,10,61
CJGIM4NCQATIWMLPWOL77ZXGIEPO5UC524L3WXHGU6RJI63LCQBDHUQT2Q,11,62
Q6BL6C634L7QAYJJCK7XZITYVEZ6TPEIYNCZSRXVRHMMEHLVF4E26JGJMQ,5,63
4KBFKJQPR6CDGDWXU527METORM73NITXBPQOASKHMHSRQVNMUBNX52XTFQ,2,64
4Y3MQYV3AMSD2A5BLXBP5RBW5VGPEFG4DPLSTTZMFCLPMQZWLON2BJS4WA,10,65
NS5SKNQBNC4WHB2GXOSXM5FIDYQRKN5CNWF3JQYVZWRXWOUHCY6N43VAME,1,66
4Y3MQYV3AMSD2A5BLXBP5RBW5VGPEFG4DPLSTTZMFCLPMQZWLON2BJS4WA,10,67
PGQ64LY3REOHWFJFHKY6OFD5MJ6SF6QHQKG25XJUBHKAJIJKCFUQLQKMU4,10,68
TOKC5TYRQB4E6M6YFEWG2K2DZL4P3Z4L7FJMYSZ63YLN6OJUMLNODCI4WU,10,69
63HCGC5SA46VDT2MBSDXC7PXCRJ2R6CBBZIWCSUCLW5BSWABLRPKP3AUXI,10,70
SZS55FKNGERPTHGHPC3OP6EDVA5LCI5KOP7J2CKAYXGMCXBWV4TUPDLQIA,10,71
VUTFYW45UEQHFPVGQGCNDWZ5AO2OZ5EIMNXNRYO3QRGJH6LTHDNRASLJEY,10,72
YTXOKBUO7HCS5QBM5R4DKILDBFO6SN7CYJQHM6ECE3DBNAYY6GNAEVRJSY,1,73
6NGKN47HPT6JSNRGJALKC4HGASQEGSMRTMZ3VMRKI3P7YYKQYGM3WJZR3A,1,74
JUXBAF5QFV44SIGAUR23JVVVMOQL43LDBPB7BGE2QT3SP2ULUGFYUPJSXE,10,75
6DSZMTCEMZ4VJAX5AE5FCLKLNDDBNBPUYQLLEYM5KJMB67NLN4XQUNNLPU,10,76
SPJKMZRP4LGYMN6DMFL7VVJ3MEJDQNPIMMEMAFRWW2KPFMWKVU5AHEEWFI,2,77
AEAHELNRYGEGGMYJYCFWL3Y5MJPQIXWBNK6KJGIEZO5F5CUIIQEI33ZZ7M,10,78
3RVMW6IQDIF37M7QLCOXL6D7PICOLEYXYDGDODEK7ERLIAXYH6ICYBQF54,10,79
4IRSDIDJQODQF4HPIXGDWIHSO46FWZGACMNBOQO2OCUKH5TUK65NCVWOII,3,80
3RVMW6IQDIF37M7QLCOXL6D7PICOLEYXYDGDODEK7ERLIAXYH6ICYBQF54,10,81
2QT637QMITBZCBUFWQDUXMCCE3TQUPW6FZGZEOH3UUCFU3VXPPVT2UBHOE,11,82
WGGI7WTD445BXMD32MUA7DWY6AOFXLRHJQMSTTV65MK3WJZGRRM6MY7KDU,10,83
NMWQ2A3RKYZCBUAJ6TL66674YFKGUTGD55XNALFEABKELUOCYKXGQ7NXJI,1,84
AV7TR4WBV5DMP34KJR56YUOZD73KWSM6HH7OWB5Y7S5PRN2IG7QPS3FQKY,1,85
4Y3MQYV3AMSD2A5BLXBP5RBW5VGPEFG4DPLSTTZMFCLPMQZWLON2BJS4WA,10,86
RSJSVIOVE3VGITZDRTON7FF2BK2RBSMLZAMZB33GSKMOANT5NL7L64VBPA,9,87
64YVCCLY6MSWRPO4G64EFO56HKC2DDB6NDKNKORWH3DB6TBTEGSA75GRIQ,9,88
B4DQJ76BBWCFZWNSB3NI4SPKC5ERG7LWRUAY2WMS7HSOIT4T3QZVRMCF6E,11,89
WGGI7WTD445BXMD32MUA7DWY6AOFXLRHJQMSTTV65MK3WJZGRRM6MY7KDU,10,90
S5OTQ7LTP4TLC6E64ELZVPG2BRJWNXEA7CBIZ45NY7HF44A325WD5LSFRE,10,91
NQQT6W7GNOZQWJXLFMSFHVA2OZY3455GKKZR25UJ7JRMEFPFDQ7G5J4WQ4,10,92
YGK6SWG6GBFPPFZMS6Q4E46ZOYRCZLJCQWMGA6WKJDPXJOD74ORHBR2RJQ,10,93
B4DQJ76BBWCFZWNSB3NI4SPKC5ERG7LWRUAY2WMS7HSOIT4T3QZVRMCF6E,11,94
YGK6SWG6GBFPPFZMS6Q4E46ZOYRCZLJCQWMGA6WKJDPXJOD74ORHBR2RJQ,10,95
7WIBD7LMWHKK4E4TQ2KVKEJN3OTOMMISCWWKQ7PDMVOTRMUQDETICJ6RLI,9,96
6DSZMTCEMZ4VJAX5AE5FCLKLNDDBNBPUYQLLEYM5KJMB67NLN4XQUNNLPU,10,97
7FQBLA7I45KS7P3QKNP6DRDSAEQA4N4TTJWV6GGJANJGYOXOX4H5BI75FY,2,98
B4DQJ76BBWCFZWNSB3NI4SPKC5ERG7LWRUAY2WMS7HSOIT4T3QZVRMCF6E,11,99
6DSZMTCEMZ4VJAX5AE5FCLKLNDDBNBPUYQLLEYM5KJMB67NLN4XQUNNLPU,10,100
6DSZMTCEMZ4VJAX5AE5FCLKLNDDBNBPUYQLLEYM5KJMB67NLN4XQUNNLPU,10,101
L2FCLZNMKXPSPH62MX5QIZUS56ZB7UFKNBCVN2JB2PBVJBZ5TZDCNSVOW4,8,102
VQOWLAMWCKA62W6HF25U5TOCATKEQJVSF73FAH4ENELO2ZSEO2P5P4S2TM,10,103
2QT637QMITBZCBUFWQDUXMCCE3TQUPW6FZGZEOH3UUCFU3VXPPVT2UBHOE,11,104
B4DQJ76BBWCFZWNSB3NI4SPKC5ERG7LWRUAY2WMS7HSOIT4T3QZVRMCF6E,11,105
Y44JLSKZSRJ5AK4HDIEBHMHGFIJIANA26AQLWBTFQDCBS2FB5UXPKUSVPQ,10,106
3SICBKR74JXLCP7NZYTSPCM6WZRUESORNRDDMH3GFEQBKEW7ECZAKWIJJ4,10,107
T74QS24GXMJR2LWACG4SF3JC735R35OQFOPP7EVJFQ756RSV2W6RPQIKOE,1,108
3RVMW6IQDIF37M7QLCOXL6D7PICOLEYXYDGDODEK7ERLIAXYH6ICYBQF54,10,109
64YVCCLY6MSWRPO4G64EFO56HKC2DDB6NDKNKORWH3DB6TBTEGSA75GRIQ,9,110
ETDM7KE3YDXSYP6CDBNQQQASKVOZS6OMGDWEKDE6BSIZYS2EY2IKBJXRNM,10,111
B4DQJ76BBWCFZWNSB3NI4SPKC5ERG7LWRUAY2WMS7HSOIT4T3QZVRMCF6E,11,112
64YVCCLY6MSWRPO4G64EFO56HKC2DDB6NDKNKORWH3DB6TBTEGSA75GRIQ,9,113
WGGI7WTD445BXMD32MUA7DWY6AOFXLRHJQMSTTV65MK3WJZGRRM6MY7KDU,10,114
PZILI6MHY6ICGWQ3EHERYV3WQHFSHXKMQHWLR4RMYMWDKVZTGSX2EQO56U,1,115
YEXPMKRK6UBGY4BQ7LQGEOPQX7NXSE3HCMU5RSYK5BD2ZXZ4SA4ILT6SOE,5,116
4KBFKJQPR6CDGDWXU527METORM73NITXBPQOASKHMHSRQVNMUBNX52XTFQ,2,117
ZR6KGISAT4DKV3VRHBVZYH3PXXNC7QDDJXLHPD3AHQUPKKVLGZPUF3BOFM,1,118
LHQKNWDQGOAJL7FNY2WTH4AXQYXQFC6AZWCBACE5R35YK2CJUL2L72E3OQ,3,119
6CFIM6E7N3H2PC2TUJ26GXOEDRUCBEPLQBAA6FYTZL3C3G72E3VEPZ3Y24,1,120
3RVMW6IQDIF37M7QLCOXL6D7PICOLEYXYDGDODEK7ERLIAXYH6ICYBQF54,10,121
CJGIM4NCQATIWMLPWOL77ZXGIEPO5UC524L3WXHGU6RJI63LCQBDHUQT2Q,11,122
PGQ64LY3REOHWFJFHKY6OFD5MJ6SF6QHQKG25XJUBHKAJIJKCFUQLQKMU4,10,123
YAHDPGX4VAPKZJEX7HDUMZNFBKCUZ4YDCWLSPGLD7GPP63P7O7WW5A6AMQ,1,124
PGQ64LY3REOHWFJFHKY6OFD5MJ6SF6QHQKG25XJUBHKAJIJKCFUQLQKMU4,10,125
Q6BL6C634L7QAYJJCK7XZITYVEZ6TPEIYNCZSRXVRHMMEHLVF4E26JGJMQ,5,126
YGK6SWG6GBFPPFZMS6Q4E46ZOYRCZLJCQWMGA6WKJDPXJOD74ORHBR2RJQ,10,127
VSY5MAVB7OBCIV335FJ7HQXFMIB6BHNVX2EAM7Q6T5ULEYEUUWPSY63NUQ,1,128
NQQT6W7GNOZQWJXLFMSFHVA2OZY3455GKKZR25UJ7JRMEFPFDQ7G5J4WQ4,10,129
AR7TJWQCEL4STAV5AJ2NQHKE2WBDD4HFHF27MRH6EVC4ELFTG3GK54GVP4,4,130
GLLORY6ET4F4TAUW3MZGQED6FMF5BE4JXAIJAL2XEEOIQVI5K4RJPFOPXE,2,131
L2FCLZNMKXPSPH62MX5QIZUS56ZB7UFKNBCVN2JB2PBVJBZ5TZDCNSVOW4,8,132
RQ5BJNX7X6ZV54EMM2QQZ2I4F2IIZN7FNXVJYZSPAHEUJ6YLGG2M674PIE,2,133
3SICBKR74JXLCP7NZYTSPCM6WZRUESORNRDDMH3GFEQBKEW7ECZAKWIJJ4,10,134
VQOWLAMWCKA62W6HF25U5TOCATKEQJVSF73FAH4ENELO2ZSEO2P5P4S2TM,10,135
B4DQJ76BBWCFZWNSB3NI4SPKC5ERG7LWRUAY2WMS7HSOIT4T3QZVRMCF6E,11,136
4Y3MQYV3AMSD2A5BLXBP5RBW5VGPEFG4DPLSTTZMFCLPMQZWLON2BJS4WA,10,137
CJGIM4NCQATIWMLPWOL77ZXGIEPO5UC524L3WXHGU6RJI63LCQBDHUQT2Q,11,138
VQOWLAMWCKA62W6HF25U5TOCATKEQJVSF73FAH4ENELO2ZSEO2P5P4S2TM,10,139
L2FCLZNMKXPSPH62MX5QIZUS56ZB7UFKNBCVN2JB2PBVJBZ5TZDCNSVOW4,8,140
3SICBKR74JXLCP7NZYTSPCM6WZRUESORNRDDMH3GFEQBKEW7ECZAKWIJJ4,10,141
63HCGC5SA46VDT2MBSDXC7PXCRJ2R6CBBZIWCSUCLW5BSWABLRPKP3AUXI,10,142
RSJSVIOVE3VGITZDRTON7FF2BK2RBSMLZAMZB33GSKMOANT5NL7L64VBPA,9,143
WGGI7WTD445BXMD32MUA7DWY6AOFXLRHJQMSTTV65MK3WJZGRRM6MY7KDU,10,144
2LAVVRBI6WKDNDN2XCXABHLASKYTMICAO3AGTBPDONUFDTV6CQ263GSZPA,10,145
VQOWLAMWCKA62W6HF25U5TOCATKEQJVSF73FAH4ENELO2ZSEO2P5P4S2TM,10,146
WLLIQOKG4CYVJBKQUFB7JJQQ2HWBHGC7YPWQA7AEBXEMYBMNUV6UB4OYDE,10,147
2QT637QMITBZCBUFWQDUXMCCE3TQUPW6FZGZEOH3UUCFU3VXPPVT2UBHOE,11,148
C7YVQX5W2VLEPEI723PG4HPUDMUCHUI2SGTFNWID43K3BEK53GLPPOHJMA,10,149
L2FCLZNMKXPSPH62MX5QIZUS56ZB7UFKNBCVN2JB2PBVJBZ5TZDCNSVOW4,8,150
YEXPMKRK6UBGY4BQ7LQGEOPQX7NXSE3HCMU5RSYK5BD2ZXZ4SA4ILT6SOE,5,151
BROH7QJMK4UFYDRVKG2DA7MEDC3CHPG7XNDBOVIZGXK657WXJBRRBDLDI4,4,152
VUTFYW45UEQHFPVGQGCNDWZ5AO2OZ5EIMNXNRYO3QRGJH6LTHDNRASLJEY,10,153
SPJKMZRP4LGYMN6DMFL7VVJ3MEJDQNPIMMEMAFRWW2KPFMWKVU5AHEEWFI,2,154
2LAVVRBI6WKDNDN2XCXABHLASKYTMICAO3AGTBPDONUFDTV6CQ263GSZPA,10,155
VQOWLAMWCKA62W6HF25U5TOCATKEQJVSF73FAH4ENELO2ZSEO2P5P4S2TM,10,156
VQOWLAMWCKA62W6HF25U5TOCATKEQJVSF73FAH4ENELO2ZSEO2P5P4S2TM,10,157
SMYOKWNROZ6FP3AZPMHV6T3MXKQTMTW2JGHPGKFZDELIMZKEX3NGJZR2BE,1,158
AR7TJWQCEL4STAV5AJ2NQHKE2WBDD4HFHF27MRH6EVC4ELFTG3GK54GVP4,4,159
7FQBLA7I45KS7P3QKNP6DRDSAEQA4N4TTJWV6GGJANJGYOXOX4H5BI75FY,2,160
VBZDMVXEJG4XAAWKVVVWMIUXRSR2J5SIX6KWEYKJ4AXLVABLPO2KTZ7LZE,6,161
S5OTQ7LTP4TLC6E64ELZVPG2BRJWNXEA7CBIZ45NY7HF44A325WD5LSFRE,10,162
PGQ64LY3REOHWFJFHKY6OFD5MJ6SF6QHQKG25XJUBHKAJIJKCFUQLQKMU4,10,163
2LAVVRBI6WKDNDN2XCXABHLASKYTMICAO3AGTBPDONUFDTV6CQ263GSZPA,10,164
7N4UJNOKIHZZLD7BC6W625N56TUMEXJB26C4F4FYYGLYWS5F552LSLNQDE,5,165
Y44JLSKZSRJ5AK4HDIEBHMHGFIJIANA26AQLWBTFQDCBS2FB5UXPKUSVPQ,10,166
KLUSNGKSW3D6VHZNCTEOZWHP2ATOXXDZRI4YTQTM3NLBWILSR5MUJGLP4Y,4,167
Y44JLSKZSRJ5AK4HDIEBHMHGFIJIANA26AQLWBTFQDCBS2FB5UXPKUSVPQ,10,168
GLLORY6ET4F4TAUW3MZGQED6FMF5BE4JXAIJAL2XEEOIQVI5K4RJPFOPXE,2,169
S5OTQ7LTP4TLC6E64ELZVPG2BRJWNXEA7CBIZ45NY7HF44A325WD5LSFRE,10,170
S5OTQ7LTP4TLC6E64ELZVPG2BRJWNXEA7CBIZ45NY7HF44A325WD5LSFRE,10,171
7N4UJNOKIHZZLD7BC6W625N56TUMEXJB26C4F4FYYGLYWS5F552LSLNQDE,5,172
3RVMW6IQDIF37M7QLCOXL6D7PICOLEYXYDGDODEK7ERLIAXYH6ICYBQF54,10,173
2J7CB44FIMXTRF5MSZ4RAHHBCNJX7PA2KF5L25CKOKWTEDLUDP4XBOZCAA,1,174
3RVMW6IQDIF37M7QLCOXL6D7PICOLEYXYDGDODEK7ERLIAXYH6ICYBQF54,10,175
WLLIQOKG4CYVJBKQUFB7JJQQ2HWBHGC7YPWQA7AEBXEMYBMNUV6UB4OYDE,10,176
2QT637QMITBZCBUFWQDUXMCCE3TQUPW6FZGZEOH3UUCFU3VXPPVT2UBHOE,11,177
B4DQJ76BBWCFZWNSB3NI4SPKC5ERG7LWRUAY2WMS7HSOIT4T3QZVRMCF6E,11,178
O3BARJD366CETQXLARW6OHS3UCGRGKHOVYTQGHSYIFYTLKB5SJELST67T4,1,179
ETDM7KE3YDXSYP6CDBNQQQASKVOZS6OMGDWEKDE6BSIZYS2EY2IKBJXRNM,10,180
YEXPMKRK6UBGY4BQ7LQGEOPQX7NXSE3HCMU5RSYK5BD2ZXZ4SA4ILT6SOE,5,181
7WIBD7LMWHKK4E4TQ2KVKEJN3OTOMMISCWWKQ7PDMVOTRMUQDETICJ6RLI,9,182
3SICBKR74JXLCP7NZYTSPCM6WZRUESORNRDDMH3GFEQBKEW7ECZAKWIJJ4,10,183
PRVUC62U2CTTOLOKCE6ZUQIZJTYLT5VP6VMJNGQHYZ2MLFYVSHPF3YD4ZE,5,184
TOKC5TYRQB4E6M6YFEWG2K2DZL4P3Z4L7FJMYSZ63YLN6OJUMLNODCI4WU,10,185
VBZDMVXEJG4XAAWKVVVWMIUXRSR2J5SIX6KWEYKJ4AXLVABLPO2KTZ7LZE,6,186
2QT637QMITBZCBUFWQDUXMCCE3TQUPW6FZGZEOH3UUCFU3VXPPVT2UBHOE,11,187
L2FCLZNMKXPSPH62MX5QIZUS56ZB7UFKNBCVN2JB2PBVJBZ5TZDCNSVOW4,8,188
3SICBKR74JXLCP7NZYTSPCM6WZRUESORNRDDMH3GFEQBKEW7ECZAKWIJJ4,10,189
SZS55FKNGERPTHGHPC3OP6EDVA5LCI5KOP7J2CKAYXGMCXBWV4TUPDLQIA,10,190
ZSABPKZJ6G26AWM3G4BROLGYYKSDGHMSF5BYD3Z4NIXDYL4TM42ACNN3BM,9,191
MUHSWEKB2E5YNKJJ7ZB7OXLV7G7H5ZACU6PAREWJIE77M36MIQHSKOCSPY,11,192
GVQ7KOK53GKHEIQDQ43OISSB6AR4QGL4S5IK636EO3KBTUEXA63HXBVSYI,1,193
ETDM7KE3YDXSYP6CDBNQQQASKVOZS6OMGDWEKDE6BSIZYS2EY2IKBJXRNM,10,194
ZSABPKZJ6G26AWM3G4BROLGYYKSDGHMSF5BYD3Z4NIXDYL4TM42ACNN3BM,9,195
2QT637QMITBZCBUFWQDUXMCCE3TQUPW6FZGZEOH3UUCFU3VXPPVT2UBHOE,11,196
JUXBAF5QFV44SIGAUR23JVVVMOQL43LDBPB7BGE2QT3SP2ULUGFYUPJSXE,10,197
XHC6TESG74FS7C36ZADL5JMKSWGTDSYPPENOL7Z3MVCE3UL5SN7TSXDAHQ,1,198
2QT637QMITBZCBUFWQDUXMCCE3TQUPW6FZGZEOH3UUCFU3VXPPVT2UBHOE,11,199
CKS4ILPNBHFO2AMH6FLGHZNZ5T46GP7JTHWAQXRVEGT2FRMID75NBWIXZ4,4,200
6DSZMTCEMZ4VJAX5AE5FCLKLNDDBNBPUYQLLEYM5KJMB67NLN4XQUNNLPU,10,201
NQQT6W7GNOZQWJXLFMSFHVA2OZY3455GKKZR25UJ7JRMEFPFDQ7G5J4WQ4,10,202
PGQ64LY3REOHWFJFHKY6OFD5MJ6SF6QHQKG25XJUBHKAJIJKCFUQLQKMU4,10,203
ZOXYAFHOA4RLM5PVET5YHYNG33KE2SKKX7AEGNCJFE5TR25K4CFTULCUA4,9,204
YGK6SWG6GBFPPFZMS6Q4E46ZOYRCZLJCQWMGA6WKJDPXJOD74ORHBR2RJQ,10,205
3O3OEMEVGLY5MQFOS2FUXQQJQ4RJ27MBBFAJREHGMUSNZHILWVWWXIMICA,1,206
MUHSWEKB2E5YNKJJ7ZB7OXLV7G7H5ZACU6PAREWJIE77M36MIQHSKOCSPY,11,207
KLUSNGKSW3D6VHZNCTEOZWHP2ATOXXDZRI4YTQTM3NLBWILSR5MUJGLP4Y,4,208
63HCGC5SA46VDT2MBSDXC7PXCRJ2R6CBBZIWCSUCLW5BSWABLRPKP3AUXI,10,209
WLLIQOKG4CYVJBKQUFB7JJQQ2HWBHGC7YPWQA7AEBXEMYBMNUV6UB4OYDE,10,210
PRVUC62U2CTTOLOKCE6ZUQIZJTYLT5VP6VMJNGQHYZ2MLFYVSHPF3YD4ZE,5,211
SZS55FKNGERPTHGHPC3OP6EDVA5LCI5KOP7J2CKAYXGMCXBWV4TUPDLQIA,10,212
2LAVVRBI6WKDNDN2XCXABHLASKYTMICAO3AGTBPDONUFDTV6CQ263GSZPA,10,213
4Y3MQYV3AMSD2A5BLXBP5RBW5VGPEFG4DPLSTTZMFCLPMQZWLON2BJS4WA,10,214
SZS55FKNGERPTHGHPC3OP6EDVA5LCI5KOP7J2CKAYXGMCXBWV4TUPDLQIA,10,215
B4DQJ76BBWCFZWNSB3NI4SPKC5ERG7LWRUAY2WMS7HSOIT4T3QZVRMCF6E,11,216
3SICBKR74JXLCP7NZYTSPCM6WZRUESORNRDDMH3GFEQBKEW7ECZAKWIJJ4,10,217
VBZDMVXEJG4XAAWKVVVWMIUXRSR2J5SIX6KWEYKJ4AXLVABLPO2KTZ7LZE,6,218
ZOXYAFHOA4RLM5PVET5YHYNG33KE2SKKX7AEGNCJFE5TR25K4CFTULCUA4,9,219
7N4UJNOKIHZZLD7BC6W625N56TUMEXJB26C4F4FYYGLYWS5F552LSLNQDE,5,220
C2JMBBPLIRWE5MNFMATVQHRR7EEPHMPPNHL4T2LVP5XTOORLRYBNSQV4AI,2,221
BROH7QJMK4UFYDRVKG2DA7MEDC3CHPG7XNDBOVIZGXK657WXJBRRBDLDI4,4,222
5SGWLELB5WBTQYDTLUDSOTO5V77VVQ764FBQMZX636HPSNSW35FGL2FDIA,2,223
ETDM7KE3YDXSYP6CDBNQQQASKVOZS6OMGDWEKDE6BSIZYS2EY2IKBJXRNM,10,224
63HCGC5SA46VDT2MBSDXC7PXCRJ2R6CBBZIWCSUCLW5BSWABLRPKP3AUXI,10,225
CJGIM4NCQATIWMLPWOL77ZXGIEPO5UC524L3WXHGU6RJI63LCQBDHUQT2Q,11,226
NQQT6W7GNOZQWJXLFMSFHVA2OZY3455GKKZR25UJ7JRMEFPFDQ7G5J4WQ4,10,227
VUTFYW45UEQHFPVGQGCNDWZ5AO2OZ5EIMNXNRYO3QRGJH6LTHDNRASLJEY,10,228
7WIBD7LMWHKK4E4TQ2KVKEJN3OTOMMISCWWKQ7PDMVOTRMUQDETICJ6RLI,9,229
SZS55FKNGERPTHGHPC3OP6EDVA5LCI5KOP7J2CKAYXGMCXBWV4TUPDLQIA,10,230
VUTFYW45UEQHFPVGQGCNDWZ5AO2OZ5EIMNXNRYO3QRGJH6LTHDNRASLJEY,10,231
XYTMNWEYBGUFK35K2DRQE3JHE7Q3M24J6NZFMEHPG4ONVW6A4HZHT56WB4,2,232
C7YVQX5W2VLEPEI723PG4HPUDMUCHUI2SGTFNWID43K3BEK53GLPPOHJMA,10,233
CUB6FFX6LPYCIN7J3JMBO7F4FJXD3TNG2RKUSBL5FOFQDYPQLUWO3TKRXY,3,234
Y44JLSKZSRJ5AK4HDIEBHMHGFIJIANA26AQLWBTFQDCBS2FB5UXPKUSVPQ,10,235
C7YVQX5W2VLEPEI723PG4HPUDMUCHUI2SGTFNWID43K3BEK53GLPPOHJMA,10,236
4E4SYTDWURT32ZZVSE3HS52UICUCVG6KGKZYDO4LIBQIV3IBWK6T424NWY,1,237
Y44JLSKZSRJ5AK4HDIEBHMHGFIJIANA26AQLWBTFQDCBS2FB5UXPKUSVPQ,10,238
S5OTQ7LTP4TLC6E64ELZVPG2BRJWNXEA7CBIZ45NY7HF44A325WD5LSFRE,10,239
C7YVQX5W2VLEPEI723PG4HPUDMUCHUI2SGTFNWID43K3BEK53GLPPOHJMA,10,240
WLLIQOKG4CYVJBKQUFB7JJQQ2HWBHGC7YPWQA7AEBXEMYBMNUV6UB4OYDE,10,241
YGK6SWG6GBFPPFZMS6Q4E46ZOYRCZLJCQWMGA6WKJDPXJOD74ORHBR2RJQ,10,242
Y44JLSKZSRJ5AK4HDIEBHMHGFIJIANA26AQLWBTFQDCBS2FB5UXPKUSVPQ,10,243
XYTMNWEYBGUFK35K2DRQE3JHE7Q3M24J6NZFMEHPG4ONVW6A4HZHT56WB4,2,244
YEXPMKRK6UBGY4BQ7LQGEOPQX7NXSE3HCMU5RSYK5BD2ZXZ4SA4ILT6SOE,5,245
JUXBAF5QFV44SIGAUR23JVVVMOQL43LDBPB7BGE2QT3SP2ULUGFYUPJSXE,10,246
TOKC5TYRQB4E6M6YFEWG2K2DZL4P3Z4L7FJMYSZ63YLN6OJUMLNODCI4WU,10,247
7NYQJ5NAP3PUQMQVP6LX3D5ZAISZQ67UEFQB76AX7WI3P75HVOVRGWGOZU,1,248
RQ5BJNX7X6ZV54EMM2QQZ2I4F2IIZN7FNXVJYZSPAHEUJ6YLGG2M674PIE,2,249
5JEE6YJ4KJSOCQRDJONRYFKRDPIHOKCCWN2PVNNYZTKEZVEHK4FCTA7SYU,1,250
MUHSWEKB2E5YNKJJ7ZB7OXLV7G7H5ZACU6PAREWJIE77M36MIQHSKOCSPY,11,251
CJGIM4NCQATIWMLPWOL77ZXGIEPO5UC524L3WXHGU6RJI63LCQBDHUQT2Q,11,252
B4DQJ76BBWCFZWNSB3NI4SPKC5ERG7LWRUAY2WMS7HSOIT4T3QZVRMCF6E,11,253
AEAHELNRYGEGGMYJYCFWL3Y5MJPQIXWBNK6KJGIEZO5F5CUIIQEI33ZZ7M,10,254
WGGI7WTD445BXMD32MUA7DWY6AOFXLRHJQMSTTV65MK3WJZGRRM6MY7KDU,10,255
3RVMW6IQDIF37M7QLCOXL6D7PICOLEYXYDGDODEK7ERLIAXYH6ICYBQF54,10,256
MUHSWEKB2E5YNKJJ7ZB7OXLV7G7H5ZACU6PAREWJIE77M36MIQHSKOCSPY,11,257
SZS55FKNGERPTHGHPC3OP6EDVA5LCI5KOP7J2CKAYXGMCXBWV4TUPDLQIA,10,258
CJGIM4NCQATIWMLPWOL77ZXGIEPO5UC524L3WXHGU6RJI63LCQBDHUQT2Q,11,259
63HCGC5SA46VDT2MBSDXC7PXCRJ2R6CBBZIWCSUCLW5BSWABLRPKP3AUXI,10,260
VUTFYW45UEQHFPVGQGCNDWZ5AO2OZ5EIMNXNRYO3QRGJH6LTHDNRASLJEY,10,261
PRVUC62U2CTTOLOKCE6ZUQIZJTYLT5VP6VMJNGQHYZ2MLFYVSHPF3YD4ZE,5,262
63HCGC5SA46VDT2MBSDXC7PXCRJ2R6CBBZIWCSUCLW5BSWABLRPKP3AUXI,10,263
C7YVQX5W2VLEPEI723PG4HPUDMUCHUI2SGTFNWID43K3BEK53GLPPOHJMA,10,264
AEAHELNRYGEGGMYJYCFWL3Y5MJPQIXWBNK6KJGIEZO5F5CUIIQEI33ZZ7M,10,265
63HCGC5SA46VDT2MBSDXC7PXCRJ2R6CBBZIWCSUCLW5BSWABLRPKP3AUXI,10,266
C7YVQX5W2VLEPEI723PG4HPUDMUCHUI2SGTFNWID43K3BEK53GLPPOHJMA,10,267
2QT637QMITBZCBUFWQDUXMCCE3TQUPW6FZGZEOH3UUCFU3VXPPVT2UBHOE,11,268
SZS55FKNGERPTHGHPC3OP6EDVA5LCI5KOP7J2CKAYXGMCXBWV4TUPDLQIA,10,269
MUHSWEKB2E5YNKJJ7ZB7OXLV7G7H5ZACU6PAREWJIE77M36MIQHSKOCSPY,11,270
TOKC5TYRQB4E6M6YFEWG2K2DZL4P3Z4L7FJMYSZ63YLN6OJUMLNODCI4WU,10,271
ZOXYAFHOA4RLM5PVET5YHYNG33KE2SKKX7AEGNCJFE5TR25K4CFTULCUA4,9,272
YEXPMKRK6UBGY4BQ7LQGEOPQX7NXSE3HCMU5RSYK5BD2ZXZ4SA4ILT6SOE,5,273
HACXFMVILU2RANWTWHSWTR52HCY7IEIRGPFKYSDGPWXTGYPKZRMBC72RNM,2,274
6DSZMTCEMZ4VJAX5AE5FCLKLNDDBNBPUYQLLEYM5KJMB67NLN4XQUNNLPU,10,275
CJGIM4NCQATIWMLPWOL77ZXGIEPO5UC524L3WXHGU6RJI63LCQBDHUQT2Q,11,276
Y44JLSKZSRJ5AK4HDIEBHMHGFIJIANA26AQLWBTFQDCBS2FB5UXPKUSVPQ,10,277
2QT637QMITBZCBUFWQDUXMCCE3TQUPW6FZGZEOH3UUCFU3VXPPVT2UBHOE,11,278
JUXBAF5QFV44SIGAUR23JVVVMOQL43LDBPB7BGE2QT3SP2ULUGFYUPJSXE,10,279
7WIBD7LMWHKK4E4TQ2KVKEJN3OTOMMISCWWKQ7PDMVOTRMUQDETICJ6RLI,9,280
WLLIQOKG4CYVJBKQUFB7JJQQ2HWBHGC7YPWQA7AEBXEMYBMNUV6UB4OYDE,10,281
X3UTDFPXN6EGFWU4DIL5G3SFCY7OYJEGINTQFYS7V4XLFZLCSVA5GFZKGM,2,282
ZZSF65WATL7D4KQEKXPN5KSVGAM7RQTB4QTTXBZ7ZK24N77Q6MDEAKHYO4,1,283
64YVCCLY6MSWRPO4G64EFO56HKC2DDB6NDKNKORWH3DB6TBTEGSA75GRIQ,9,284
VBZDMVXEJG4XAAWKVVVWMIUXRSR2J5SIX6KWEYKJ4AXLVABLPO2KTZ7LZE,6,285
NQQT6W7GNOZQWJXLFMSFHVA2OZY3455GKKZR25UJ7JRMEFPFDQ7G5J4WQ4,10,286
WLLIQOKG4CYVJBKQUFB7JJQQ2HWBHGC7YPWQA7AEBXEMYBMNUV6UB4OYDE,10,287
YGK6SWG6GBFPPFZMS6Q4E46ZOYRCZLJCQWMGA6WKJDPXJOD74ORHBR2RJQ,10,288
PRVUC62U2CTTOLOKCE6ZUQIZJTYLT5VP6VMJNGQHYZ2MLFYVSHPF3YD4ZE,5,289
RBD3FFLWXWNQBCW653GX45IBCAYCRFL537IQ3VILSA5KZCPFOCKX5CKNSY,1,290
HACXFMVILU2RANWTWHSWTR52HCY7IEIRGPFKYSDGPWXTGYPKZRMBC72RNM,2,291
VUTFYW45UEQHFPVGQGCNDWZ5AO2OZ5EIMNXNRYO3QRGJH6LTHDNRASLJEY,10,292
2LAVVRBI6WKDNDN2XCXABHLASKYTMICAO3AGTBPDONUFDTV6CQ263GSZPA,10,293
7WIBD7LMWHKK4E4TQ2KVKEJN3OTOMMISCWWKQ7PDMVOTRMUQDETICJ6RLI,9,294
RSJSVIOVE3VGITZDRTON7FF2BK2RBSMLZAMZB33GSKMOANT5NL7L64VBPA,9,295
ETDM7KE3YDXSYP6CDBNQQQASKVOZS6OMGDWEKDE6BSIZYS2EY2IKBJXRNM,10,296
LEFXXDUMCK7I2ZEQZY7KMIN3PZNDRVOSHBF7HDY7HLMHVSS7WWDRCY2LTY,1,297
Q6BL6C634L7QAYJJCK7XZITYVEZ6TPEIYNCZSRXVRHMMEHLVF4E26JGJMQ,5,298
ZSABPKZJ6G26AWM3G4BROLGYYKSDGHMSF5BYD3Z4NIXDYL4TM42ACNN3BM,9,299
JUXBAF5QFV44SIGAUR23JVVVMOQL43LDBPB7BGE2QT3SP2ULUGFYUPJSXE,10,300
ZOXYAFHOA4RLM5PVET5YHYNG33KE2SKKX7AEGNCJFE5TR25K4CFTULCUA4,9,301
YGK6SWG6GBFPPFZMS6Q4E46ZOYRCZLJCQWMGA6WKJDPXJOD74ORHBR2RJQ,10,302
RSJSVIOVE3VGITZDRTON7FF2BK2RBSMLZAMZB33GSKMOANT5NL7L64VBPA,9,303
NFTSQQMQ5YYRP2FD7A53QJ4JJBI2C3HRMDF2RTESHODI27XGT7X2XCEQPU,1,304
AEAHELNRYGEGGMYJYCFWL3Y5MJPQIXWBNK6KJGIEZO5F5CUIIQEI33ZZ7M,10,305
TOKC5TYRQB4E6M6YFEWG2K2DZL4P3Z4L7FJMYSZ63YLN6OJUMLNODCI4WU,10,306
ZSABPKZJ6G26AWM3G4BROLGYYKSDGHMSF5BYD3Z4NIXDYL4TM42ACNN3BM,9,307
BROH7QJMK4UFYDRVKG2DA7MEDC3CHPG7XNDBOVIZGXK657WXJBRRBDLDI4,4,308
JUXBAF5QFV44SIGAUR23JVVVMOQL43LDBPB7BGE2QT3SP2ULUGFYUPJSXE,10,309
KLUSNGKSW3D6VHZNCTEOZWHP2ATOXXDZRI4YTQTM3NLBWILSR5MUJGLP4Y,4,310
JUXBAF5QFV44SIGAUR23JVVVMOQL43LDBPB7BGE2QT3SP2ULUGFYUPJSXE,10,311
ZSABPKZJ6G26AWM3G4BROLGYYKSDGHMSF5BYD3Z4NIXDYL4TM42ACNN3BM,9,312
C7YVQX5W2VLEPEI723PG4HPUDMUCHUI2SGTFNWID43K3BEK53GLPPOHJMA,10,313
ZSABPKZJ6G26AWM3G4BROLGYYKSDGHMSF5BYD3Z4NIXDYL4TM42ACNN3BM,9,314
63HCGC5SA46VDT2MBSDXC7PXCRJ2R6CBBZIWCSUCLW5BSWABLRPKP3AUXI,10,315
4Y3MQYV3AMSD2A5BLXBP5RBW5VGPEFG4DPLSTTZMFCLPMQZWLON2BJS4WA,10,316
PGQ64LY3REOHWFJFHKY6OFD5MJ6SF6QHQKG25XJUBHKAJIJKCFUQLQKMU4,10,317
VQOWLAMWCKA62W6HF25U5TOCATKEQJVSF73FAH4ENELO2ZSEO2P5P4S2TM,10,318
63HCGC5SA46VDT2MBSDXC7PXCRJ2R6CBBZIWCSUCLW5BSWABLRPKP3AUXI,10,319
VUTFYW45UEQHFPVGQGCNDWZ5AO2OZ5EIMNXNRYO3QRGJH6LTHDNRASLJEY,10,320
CKS4ILPNBHFO2AMH6FLGHZNZ5T46GP7JTHWAQXRVEGT2FRMID75NBWIXZ4,4,321
PGQ64LY3REOHWFJFHKY6OFD5MJ6SF6QHQKG25XJUBHKAJIJKCFUQLQKMU4,10,322
MUHSWEKB2E5YNKJJ7ZB7OXLV7G7H5ZACU6PAREWJIE77M36MIQHSKOCSPY,11,323
2LAVVRBI6WKDNDN2XCXABHLASKYTMICAO3AGTBPDONUFDTV6CQ263GSZPA,10,324
JUXBAF5QFV44SIGAUR23JVVVMOQL43LDBPB7BGE2QT3SP2ULUGFYUPJSXE,10,325
Y44JLSKZSRJ5AK4HDIEBHMHGFIJIANA26AQLWBTFQDCBS2FB5UXPKUSVPQ,10,326
2XT7VDDHCMBWSAU6DPKJZWY4PPRVB3JF4EFAJYXUOENG3LWEHUWRRH3C6U,1,327
CUB6FFX6LPYCIN7J3JMBO7F4FJXD3TNG2RKUSBL5FOFQDYPQLUWO3TKRXY,3,328
MUHSWEKB2E5YNKJJ7ZB7OXLV7G7H5ZACU6PAREWJIE77M36MIQHSKOCSPY,11,329
YGK6SWG6GBFPPFZMS6Q4E46ZOYRCZLJCQWMGA6WKJDPXJOD74ORHBR2RJQ,10,330
5SGWLELB5WBTQYDTLUDSOTO5V77VVQ764FBQMZX636HPSNSW35FGL2FDIA,2,331
RSJSVIOVE3VGITZDRTON7FF2BK2RBSMLZAMZB33GSKMOANT5NL7L64VBPA,9,332
LHQKNWDQGOAJL7FNY2WTH4AXQYXQFC6AZWCBACE5R35YK2CJUL2L72E3OQ,3,333
2QT637QMITBZCBUFWQDUXMCCE3TQUPW6FZGZEOH3UUCFU3VXPPVT2UBHOE,11,334
PGQ64LY3REOHWFJFHKY6OFD5MJ6SF6QHQKG25XJUBHKAJIJKCFUQLQKMU4,10,335
VUTFYW45UEQHFPVGQGCNDWZ5AO2OZ5EIMNXNRYO3QRGJH6LTHDNRASLJEY,10,336
VBZDMVXEJG4XAAWKVVVWMIUXRSR2J5SIX6KWEYKJ4AXLVABLPO2KTZ7LZE,6,337
4IRSDIDJQODQF4HPIXGDWIHSO46FWZGACMNBOQO2OCUKH5TUK65NCVWOII,3,338
3RVMW6IQDIF37M7QLCOXL6D7PICOLEYXYDGDODEK7ERLIAXYH6ICYBQF54,10,339
C2JMBBPLIRWE5MNFMATVQHRR7EEPHMPPNHL4T2LVP5XTOORLRYBNSQV4AI,2,340
3SICBKR74JXLCP7NZYTSPCM6WZRUESORNRDDMH3GFEQBKEW7ECZAKWIJJ4,10,341
NQQT6W7GNOZQWJXLFMSFHVA2OZY3455GKKZR25UJ7JRMEFPFDQ7G5J4WQ4,10,342
B4DQJ76BBWCFZWNSB3NI4SPKC5ERG7LWRUAY2WMS7HSOIT4T3QZVRMCF6E,11,343
RSJSVIOVE3VGITZDRTON7FF2BK2RBSMLZAMZB33GSKMOANT5NL7L64VBPA,9,344
3SICBKR74JXLCP7NZYTSPCM6WZRUESORNRDDMH3GFEQBKEW7ECZAKWIJJ4,10,345
WLLIQOKG4CYVJBKQUFB7JJQQ2HWBHGC7YPWQA7AEBXEMYBMNUV6UB4OYDE,10,346
S5OTQ7LTP4TLC6E64ELZVPG2BRJWNXEA7CBIZ45NY7HF44A325WD5LSFRE,10,347
ZSABPKZJ6G26AWM3G4BROLGYYKSDGHMSF5BYD3Z4NIXDYL4TM42ACNN3BM,9,348
L2FCLZNMKXPSPH62MX5QIZUS56ZB7UFKNBCVN2JB2PBVJBZ5TZDCNSVOW4,8,349
VUTFYW45UEQHFPVGQGCNDWZ5AO2OZ5EIMNXNRYO3QRGJH6LTHDNRASLJEY,10,350
7WIBD7LMWHKK4E4TQ2KVKEJN3OTOMMISCWWKQ7PDMVOTRMUQDETICJ6RLI,9,351
RSJSVIOVE3VGITZDRTON7FF2BK2RBSMLZAMZB33GSKMOANT5NL7L64VBPA,9,352
64YVCCLY6MSWRPO4G64EFO56HKC2DDB6NDKNKORWH3DB6TBTEGSA75GRIQ,9,353
CKS4ILPNBHFO2AMH6FLGHZNZ5T46GP7JTHWAQXRVEGT2FRMID75NBWIXZ4,4,354
VQOWLAMWCKA62W6HF25U5TOCATKEQJVSF73FAH4ENELO2ZSEO2P5P4S2TM,10,355
64YVCCLY6MSWRPO4G64EFO56HKC2DDB6NDKNKORWH3DB6TBTEGSA75GRIQ,9,356
2QT637QMITBZCBUFWQDUXMCCE3TQUPW6FZGZEOH3UUCFU3VXPPVT2UBHOE,11,357
ZOXYAFHOA4RLM5PVET5YHYNG33KE2SKKX7AEGNCJFE5TR25K4CFTULCUA4,9,358
CJGIM4NCQATIWMLPWOL77ZXGIEPO5UC524L3WXHGU6RJI63LCQBDHUQT2Q,11,359
PGQ64LY3REOHWFJFHKY6OFD5MJ6SF6QHQKG25XJUBHKAJIJKCFUQLQKMU4,10,360
AEAHELNRYGEGGMYJYCFWL3Y5MJPQIXWBNK6KJGIEZO5F5CUIIQEI33ZZ7M,10,361
ZOXYAFHOA4RLM5PVET5YHYNG33KE2SKKX7AEGNCJFE5TR25K4CFTULCUA4,9,362
2LAVVRBI6WKDNDN2XCXABHLASKYTMICAO3AGTBPDONUFDTV6CQ263GSZPA,10,363
ETDM7KE3YDXSYP6CDBNQQQASKVOZS6OMGDWEKDE6BSIZYS2EY2IKBJXRNM,10,364
X3UTDFPXN6EGFWU4DIL5G3SFCY7OYJEGINTQFYS7V4XLFZLCSVA5GFZKGM,2,365
VQOWLAMWCKA62W6HF25U5TOCATKEQJVSF73FAH4ENELO2ZSEO2P5P4S2TM,10,366
ILCAM2MSVDZHW7IAOJ6T66LOP27SQJRJYM74HISNFFGM3QQKCNCHJL3HD4,1,367
RSJSVIOVE3VGITZDRTON7FF2BK2RBSMLZAMZB33GSKMOANT5NL7L64VBPA,9,368
MUHSWEKB2E5YNKJJ7ZB7OXLV7G7H5ZACU6PAREWJIE77M36MIQHSKOCSPY,11,369
MUHSWEKB2E5YNKJJ7ZB7OXLV7G7H5ZACU6PAREWJIE77M36MIQHSKOCSPY,11,370
KLUSNGKSW3D6VHZNCTEOZWHP2ATOXXDZRI4YTQTM3NLBWILSR5MUJGLP4Y,4,371
MULILZCPNVCE3DZHTIWY4B2SDY2H3U2QN6KWZFFSS6JSFU6FWZFSXO3BBM,1,372
CJGIM4NCQATIWMLPWOL77ZXGIEPO5UC524L3WXHGU6RJI63LCQBDHUQT2Q,11,373
TOKC5TYRQB4E6M6YFEWG2K2DZL4P3Z4L7FJMYSZ63YLN6OJUMLNODCI4WU,10,374
6DSZMTCEMZ4VJAX5AE5FCLKLNDDBNBPUYQLLEYM5KJMB67NLN4XQUNNLPU,10,375
CJGIM4NCQATIWMLPWOL77ZXGIEPO5UC524L3WXHGU6RJI63LCQBDHUQT2Q,11,376
FKHR4TQWT46JXS2HEVYHHUDS62PPBN5KHNYJD2QTC4X2EAZ4ZEZ3ASRXQA,1,377
64YVCCLY6MSWRPO4G64EFO56HKC2DDB6NDKNKORWH3DB6TBTEGSA75GRIQ,9,378
AEAHELNRYGEGGMYJYCFWL3Y5MJPQIXWBNK6KJGIEZO5F5CUIIQEI33ZZ7M,10,379
3MA3XVKL42FXW6UV6PSZYNLJIAGIFQMDOU3DFPVWFY66ES5P4MU2SFMTM4,2,380
PXDGDL2OOVCKSW74W7SE7RQGIS6F5GSKOC76RP6EX4IBU4SHJPOPGS5H3M,1,381
6DSZMTCEMZ4VJAX5AE5FCLKLNDDBNBPUYQLLEYM5KJMB67NLN4XQUNNLPU,10,382
WJDMQ4LGNAI4ZDOB7FVPWQEGPXDYIHD6YLRFK2B3COSR2AI2VUC6PFBWDE,1,383
TOKC5TYRQB4E6M6YFEWG2K2DZL4P3Z4L7FJMYSZ63YLN6OJUMLNODCI4WU,10,384
C7YVQX5W2VLEPEI723PG4HPUDMUCHUI2SGTFNWID43K3BEK53GLPPOHJMA,10,385
C7YVQX5W2VLEPEI723PG4HPUDMUCHUI2SGTFNWID43K3BEK53GLPPOHJMA,10,386
L2FCLZNMKXPSPH62MX5QIZUS56ZB7UFKNBCVN2JB2PBVJBZ5TZDCNSVOW4,8,387
3RVMW6IQDIF37M7QLCOXL6D7PICOLEYXYDGDODEK7ERLIAXYH6ICYBQF54,10,388
TIH3XPDTKZHSIOSNYIPIKGHZSISQXGXEJCSR5PS2WM4QV2SLC5RNMHGRPE,1,389
3SICBKR74JXLCP7NZYTSPCM6WZRUESORNRDDMH3GFEQBKEW7ECZAKWIJJ4,10,390
Q6BL6C634L7QAYJJCK7XZITYVEZ6TPEIYNCZSRXVRHMMEHLVF4E26JGJMQ,5,391
3QNZP5SYMTVOWI46SITYDJAT5M4GP5ILEF7HWXGGYWP6H5ESZYSNKB6HOI,1,392
2LAVVRBI6WKDNDN2XCXABHLASKYTMICAO3AGTBPDONUFDTV6CQ263GSZPA,10,393
PRVUC62U2CTTOLOKCE6ZUQIZJTYLT5VP6VMJNGQHYZ2MLFYVSHPF3YD4ZE,5,394
AEAHELNRYGEGGMYJYCFWL3Y5MJPQIXWBNK6KJGIEZO5F5CUIIQEI33ZZ7M,10,395
QMUOVXW6DYBMWMPOG4YQR7GRCIE4RFNBRCX5XOBKXZD2Q3GDS677KLZURQ,1,396
NQQT6W7GNOZQWJXLFMSFHVA2OZY3455GKKZR25UJ7JRMEFPFDQ7G5J4WQ4,10,397
4Y3MQYV3AMSD2A5BLXBP5RBW5VGPEFG4DPLSTTZMFCLPMQZWLON2BJS4WA,10,398
ETDM7KE3YDXSYP6CDBNQQQASKVOZS6OMGDWEKDE6BSIZYS2EY2IKBJXRNM,10,399
C7YVQX5W2VLEPEI723PG4HPUDMUCHUI2SGTFNWID43K3BEK53GLPPOHJMA,10,400
WGGI7WTD445BXMD32MUA7DWY6AOFXLRHJQMSTTV65MK3WJZGRRM6MY7KDU,10,401
7Q5N5MULWXNPXFID4JUCBNGD7FCRBKB6B6IGS6ZRDZP5K66RSWGELHQL5Q,1,402
7WIBD7LMWHKK4E4TQ2KVKEJN3OTOMMISCWWKQ7PDMVOTRMUQDETICJ6RLI,9,403
ETDM7KE3YDXSYP6CDBNQQQASKVOZS6OMGDWEKDE6BSIZYS2EY2IKBJXRNM,10,404
MUHSWEKB2E5YNKJJ7ZB7OXLV7G7H5ZACU6PAREWJIE77M36MIQHSKOCSPY,11,405
3RVMW6IQDIF37M7QLCOXL6D7PICOLEYXYDGDODEK7ERLIAXYH6ICYBQF54,10,406
CUB6FFX6LPYCIN7J3JMBO7F4FJXD3TNG2RKUSBL5FOFQDYPQLUWO3TKRXY,3,407
WLLIQOKG4CYVJBKQUFB7JJQQ2HWBHGC7YPWQA7AEBXEMYBMNUV6UB4OYDE,10,408
3MA3XVKL42FXW6UV6PSZYNLJIAGIFQMDOU3DFPVWFY66ES5P4MU2SFMTM4,2,409
TOKC5TYRQB4E6M6YFEWG2K2DZL4P3Z4L7FJMYSZ63YLN6OJUMLNODCI4WU,10,410
JUXBAF5QFV44SIGAUR23JVVVMOQL43LDBPB7BGE2QT3SP2ULUGFYUPJSXE,10,411
7WIBD7LMWHKK4E4TQ2KVKEJN3OTOMMISCWWKQ7PDMVOTRMUQDETICJ6RLI,9,412
WGGI7WTD445BXMD32MUA7DWY6AOFXLRHJQMSTTV65MK3WJZGRRM6MY7KDU,10,413
N4XV3R743YVSSBPFBW4CVDN326SNYUCVVAXDQCBD5DRKRJQEKVDQYVRQVY,1,414
S5OTQ7LTP4TLC6E64ELZVPG2BRJWNXEA7CBIZ45NY7HF44A325WD5LSFRE,10,415
TBBKOQZ7XTXHZYWVYHKXPFAVXMAMXYUBGE7IC3KYKL6C6BB72RCA7HCAAU,1,416
WGGI7WTD445BXMD32MUA7DWY6AOFXLRHJQMSTTV65MK3WJZGRRM6MY7KDU,10,417
CKS4ILPNBHFO2AMH6FLGHZNZ5T46GP7JTHWAQXRVEGT2FRMID75NBWIXZ4,4,418
AR7TJWQCEL4STAV5AJ2NQHKE2WBDD4HFHF27MRH6EVC4ELFTG3GK54GVP4,4,419
ETDM7KE3YDXSYP6CDBNQQQASKVOZS6OMGDWEKDE6BSIZYS2EY2IKBJXRNM,10,420